{
  "spdxVersion": "SPDX-2.2",
  "dataLicense": "CC0-1.0",
  "SPDXID": "SPDXRef-DOCUMENT",
  "name": "IGPS 4.3.9",
  "documentNamespace": "https://github.com/Nuvoton-Israel/igps-npcm8xx/releases/tag/IGPS_04.03.09",
  "creationInfo": {
    "creators": [
      "Tool: M365-Copilot",
      "Organization: Nuvoton Technology Corporation - Israel"
    ],
    "created": "2026-01-19T15:29:51Z"
  },
  "packages": [
    {
      "name": "npcm8xx-bootblock",
      "SPDXID": "SPDXRef-Package-npcm8xx-bootblock",
      "versionInfo": "0.5.6",
      "supplier": "Organization: Nuvoton Technology Corporation - Israel",
      "downloadLocation": "https://github.com/Nuvoton-Israel/npcm8xx-bootblock",
      "homepage": "https://github.com/Nuvoton-Israel/npcm8xx-bootblock",
      "licenseConcluded": "NOASSERTION",
      "licenseDeclared": "NOASSERTION",
      "licenseInfoFromFiles": [],
      "filesAnalyzed": false,
      "externalRefs": [
        {
          "referenceCategory": "PACKAGE-MANAGER",
          "referenceType": "purl",
          "referenceLocator": "pkg:github/Nuvoton-Israel/npcm8xx-bootblock"
        }
      ]
    },
    {
      "name": "u-boot (Nuvoton fork)",
      "SPDXID": "SPDXRef-Package-u-boot-nuvoton",
      "versionInfo": "v2023.10-npcm8xx-20250728",
      "supplier": "Organization: Nuvoton Technology Corporation - Israel",
      "downloadLocation": "https://github.com/Nuvoton-Israel/u-boot",
      "homepage": "https://github.com/Nuvoton-Israel/u-boot",
      "licenseConcluded": "NOASSERTION",
      "licenseDeclared": "NOASSERTION",
      "licenseInfoFromFiles": [],
      "filesAnalyzed": false,
      "externalRefs": [
        {
          "referenceCategory": "PACKAGE-MANAGER",
          "referenceType": "purl",
          "referenceLocator": "pkg:github/Nuvoton-Israel/u-boot"
        }
      ]
    },
    {
      "name": "arm-trusted-firmware (Nuvoton fork)",
      "SPDXID": "SPDXRef-Package-atf-nuvoton",
      "versionInfo": "0.0.4",
      "supplier": "Organization: Nuvoton Technology Corporation - Israel",
      "downloadLocation": "https://github.com/Nuvoton-Israel/arm-trusted-firmware",
      "homepage": "https://github.com/Nuvoton-Israel/arm-trusted-firmware",
      "licenseConcluded": "NOASSERTION",
      "licenseDeclared": "NOASSERTION",
      "licenseInfoFromFiles": [],
      "filesAnalyzed": false,
      "externalRefs": [
        {
          "referenceCategory": "PACKAGE-MANAGER",
          "referenceType": "purl",
          "referenceLocator": "pkg:github/Nuvoton-Israel/arm-trusted-firmware"
        }
      ]
    },
    {
      "name": "Project Cerberus",
      "SPDXID": "SPDXRef-Package-Project-Cerberus",
      "versionInfo": "unknown",
      "supplier": "Organization: Microsoft (Azure)",
      "downloadLocation": "https://github.com/Azure/Project-Cerberus",
      "homepage": "https://github.com/Azure/Project-Cerberus",
      "licenseConcluded": "NOASSERTION",
      "licenseDeclared": "NOASSERTION",
      "licenseInfoFromFiles": [],
      "filesAnalyzed": false,
      "externalRefs": [
        {
          "referenceCategory": "PACKAGE-MANAGER",
          "referenceType": "purl",
          "referenceLocator": "pkg:github/Azure/Project-Cerberus"
        }
      ]
    },
    {
      "name": "Bingo",
      "SPDXID": "SPDXRef-Package-Bingo",
      "versionInfo": "0.0.6",
      "supplier": "Organization: Nuvoton Technology Corporation - Israel",
      "downloadLocation": "https://github.com/Nuvoton-Israel/bingo",
      "homepage": "https://github.com/Nuvoton-Israel/bingo",
      "licenseConcluded": "NOASSERTION",
      "licenseDeclared": "NOASSERTION",
      "licenseInfoFromFiles": [],
      "filesAnalyzed": false,
      "externalRefs": [
        {
          "referenceCategory": "PACKAGE-MANAGER",
          "referenceType": "purl",
          "referenceLocator": "pkg:github/Nuvoton-Israel/bingo"
        }
      ]
    },
    {
      "name": "OpenSSL",
      "SPDXID": "SPDXRef-Package-OpenSSL",
      "versionInfo": "1.0.2j-fips",
      "supplier": "Organization: OpenSSL Software Foundation",
      "downloadLocation": "https://www.openssl.org/source",
      "homepage": "https://www.openssl.org/",
      "licenseConcluded": "NOASSERTION",
      "licenseDeclared": "NOASSERTION",
      "licenseInfoFromFiles": [],
      "filesAnalyzed": false,
      "externalRefs": [
        {
          "referenceCategory": "PACKAGE-MANAGER",
          "referenceType": "purl",
          "referenceLocator": "pkg:generic/openssl@1.0.2j-fips"
        }
      ]
    },
    {
      "name": "uart-update-tool (legacy)",
      "SPDXID": "SPDXRef-Package-UUT",
      "versionInfo": "unknown",
      "supplier": "Organization: Nuvoton Technology Corporation - Israel",
      "downloadLocation": "https://github.com/Nuvoton-Israel/uart-update-tool",
      "homepage": "https://github.com/Nuvoton-Israel/uart-update-tool",
      "licenseConcluded": "NOASSERTION",
      "licenseDeclared": "NOASSERTION",
      "licenseInfoFromFiles": [],
      "filesAnalyzed": false,
      "externalRefs": [
        {
          "referenceCategory": "PACKAGE-MANAGER",
          "referenceType": "purl",
          "referenceLocator": "pkg:github/Nuvoton-Israel/uart-update-tool"
        }
      ]
    }
  ],
  "relationships": [
    {
      "spdxElementId": "SPDXRef-DOCUMENT",
      "relationshipType": "DESCRIBES",
      "relatedSpdxElement": "SPDXRef-Package-npcm8xx-bootblock"
    },
    {
      "spdxElementId": "SPDXRef-DOCUMENT",
      "relationshipType": "DESCRIBES",
      "relatedSpdxElement": "SPDXRef-Package-u-boot-nuvoton"
    },
    {
      "spdxElementId": "SPDXRef-DOCUMENT",
      "relationshipType": "DESCRIBES",
      "relatedSpdxElement": "SPDXRef-Package-atf-nuvoton"
    },
    {
      "spdxElementId": "SPDXRef-DOCUMENT",
      "relationshipType": "DESCRIBES",
      "relatedSpdxElement": "SPDXRef-Package-Project-Cerberus"
    },
    {
      "spdxElementId": "SPDXRef-DOCUMENT",
      "relationshipType": "DESCRIBES",
      "relatedSpdxElement": "SPDXRef-Package-Bingo"
    },
    {
      "spdxElementId": "SPDXRef-DOCUMENT",
      "relationshipType": "DESCRIBES",
      "relatedSpdxElement": "SPDXRef-Package-OpenSSL"
    },
    {
      "spdxElementId": "SPDXRef-DOCUMENT",
      "relationshipType": "DESCRIBES",
      "relatedSpdxElement": "SPDXRef-Package-UUT"
    }
  ]
}